Claim  Number,0,1,2,3,4,5,6,k,lambda,1.1,2.1,3.1,4.1,5.1,6.1,7,Unnamed: 17,MSE0,MSE1,MSE2,MSE3,MSE4,MSE5,MSE6,R2
0,0.32580662164543805,0.32580662164543805,0.43017410095805275,0.8291542792254719,0.9967240196499365,0.9967240196499365,1.0,1.7761526154470542,3.1642055941932874,0.12122338195281879,0.35766249255902904,0.5973021966561669,0.7804573871650473,0.8949901175684212,0.9556484013216555,0.9833761878696223,,0.041854301963127706,0.0010147965116633724,0.027931800371678004,0.0023713872963446445,0.01034978683273135,0.0016872064210506136,0.00027635112974609173,0.08548563052634178
1,0.0,0.0,0.5807732512530234,0.6737284266075214,0.6737284266075214,0.9431669934104749,1.0,2.323361672578695,3.991408651857774,0.12126521105717003,0.357747024805782,0.5973958741796819,0.7805327055646488,0.8950382538246919,0.955673925132452,0.9833876919192637,,0.014705251412739992,0.1279829337573888,0.0002763115929618729,0.011407154003551889,0.04897803962289387,0.0001564233410981954,0.00027596877976929744,0.20378208251040392
2,0.0,0.19032027838146007,0.36894421371772124,0.41988706037797247,0.41988706037797247,0.7278788795844985,0.9361181975724772,1.9374477020826517,5.322452686311522,0.12126521105717003,0.357747024805782,0.5973958741796819,0.7805327055646488,0.8950382538246919,0.955673925132452,0.9833876919192637,,0.014705251412739992,0.028031715418234203,0.05219016116782695,0.13006528139211407,0.22576865663384182,0.051890582776194204,0.002234405095800882,0.5048860538967521
3,0.27140523794227317,0.5466551385681163,0.5810286869686581,0.6818819782430617,0.8946484829642269,1.0,1.0,1.2010602453792705,2.829283871910885,0.12126521105717003,0.357747024805782,0.5973958741796819,0.7805327055646488,0.8950382538246919,0.955673925132452,0.9833876919192637,,0.022542027673059493,0.03568627544524303,0.0002678848172007015,0.009731966001078129,1.5192132366761756e-07,0.001964800913163473,0.00027596877976929744,0.0704690755508378
4,0.16462438200579807,0.4141290930257215,0.509190848471533,0.509190848471533,0.5525014364783003,0.5675334241933097,0.9149133604143163,0.9286480175429956,5.0408447274697155,0.12126521105717003,0.357747024805782,0.5973958741796819,0.7805327055646488,0.8950382538246919,0.955673925132452,0.9833876919192637,,0.0018800177053523498,0.0031789376167579075,0.007780126560175212,0.07362640341074092,0.11733147123779526,0.15065304846928834,0.0046887340750494345,0.3591387390751594
5,0.0,0.0,0.0,0.0,0.21785681071842386,0.5498866554448943,0.9467748370197903,7.63200331865373,6.142234154735317,0.12126521105717003,0.357747024805782,0.5973958741796819,0.7805327055646488,0.8950382538246919,0.955673925132452,0.9833876919192637,,0.014705251412739992,0.1279829337573888,0.3568818304869063,0.6092313044560708,0.45857470688748775,0.16466330824048261,0.0013405011438898944,1.7333798363849662
6,0.0,0.12209737043502185,0.14489558944955452,0.20217994791104948,0.3506994028575147,0.7568277094377267,0.984406247638897,4.767816806266222,5.648717683253468,0.12126521105717003,0.357747024805782,0.5973958741796819,0.7805327055646488,0.8950382538246919,0.955673925132452,0.9833876919192637,,0.014705251412739992,0.05553075960505874,0.20475650768084636,0.33449191228552305,0.29630478467226673,0.039539817496113204,1.0374557539976565e-06,0.9453300706083021
7,0.21223257077964922,0.2588737073450535,0.3344120663957491,0.3344120663957491,0.5635252307781007,0.7820837493941526,0.9615720709580134,1.783221355033459,5.039405828518955,0.12126521105717003,0.357747024805782,0.5973958741796819,0.7805327055646488,0.8950382538246919,0.955673925132452,0.9833876919192637,,0.008275060534878928,0.009775932905690005,0.0691604831565365,0.19902362469246762,0.10990088444948974,0.030133549112853663,0.00047592131792494025,0.42674545616984144
8,0.05701740900737475,0.24637564180800328,0.5748469869188885,0.6092436791257776,0.7467062747324882,0.9417755851764767,1.0,1.8269528652530058,3.7900985288686253,0.12126521105717003,0.357747024805782,0.5973958741796819,0.7805327055646488,0.8950382538246919,0.955673925132452,0.9833876919192637,,0.004127780068229677,0.01240358495083792,0.0005084523166999711,0.029339930578376326,0.022002376021409968,0.00019316385353185744,0.00027596877976929744,0.06885125656885502
9,0.15634771866889707,0.5592739725652455,0.5592739725652455,0.5592739725652455,1.0,1.0,1.0,1.4169915265629847,3.056673285816095,0.12126521105717003,0.357747024805782,0.5973958741796819,0.7805327055646488,0.8950382538246919,0.955673925132452,0.9833876919192637,,0.001230782340326886,0.04061311067324551,0.0014532793827007689,0.04895542692850126,0.011016968160169798,0.001964800913163473,0.00027596877976929744,0.10551033717787699
10,0.1666113241794962,0.22031659573333037,0.3538805120408226,0.5211405383418304,0.7400811614998835,0.8346220606591558,1.0,1.9504029300761059,4.3561472043075185,0.12126521105717003,0.357747024805782,0.5973958741796819,0.7805327055646488,0.8950382538246919,0.955673925132452,0.9833876919192637,,0.0020562699753028015,0.018887122835038163,0.059299731597619774,0.0672842964165506,0.024011700461759218,0.014653553892461268,0.00027596877976929744,0.18646864395850113
11,0.3361707685665644,0.5455075312430977,0.5455075312430977,0.7195773942430362,0.7554250910918285,0.9443634421096908,1.0,0.9877233324971435,2.9012720697352945,0.12126521105717003,0.357747024805782,0.5973958741796819,0.7805327055646488,0.8950382538246919,0.955673925132452,0.9833876919192637,,0.046184398648423615,0.03525400777759726,0.002692400132704565,0.003715549978314711,0.019491835208272995,0.0001279270262081685,0.00027596877976929744,0.10774208755129061
12,0.31112518615350726,0.31112518615350726,0.6925902841021823,0.8119066923467394,1.0,1.0,1.0,1.655169781275246,2.8040755160451885,0.12126521105717003,0.357747024805782,0.5973958741796819,0.7805327055646488,0.8950382538246919,0.955673925132452,0.9833876919192637,,0.03604681014358179,0.0021735958393187408,0.00906197568049304,0.0009843270466027944,0.011016968160169798,0.001964800913163473,0.00027596877976929744,0.06152444656309893
13,0.0,0.17737570679901563,0.2437380767909399,0.34325235024072887,0.46946928879194566,0.7736000330892262,1.0,2.8070144200323313,5.27262378568071,0.12126521105717003,0.357747024805782,0.5973958741796819,0.7805327055646488,0.8950382538246919,0.955673925132452,0.9833876919192637,,0.014705251412739992,0.03253381235949805,0.12507383765385646,0.19121410915221368,0.18110894399904282,0.03315090216376823,0.00027596877976929744,0.5780628255208885
14,0.018319638327361824,0.12679313447692592,0.37478511097449496,0.37478511097449496,0.46802968593559585,0.6306764122832024,0.9330450421322718,1.9897142793527358,5.507577285758629,0.12126521105717003,0.357747024805782,0.5973958741796819,0.7805327055646488,0.8950382538246919,0.955673925132452,0.9833876919192637,,0.01059779094466823,0.053339699458033296,0.049555551894795796,0.16463111051569584,0.18233631705069678,0.10562338335819817,0.0025343823875757132,0.5686182356096638
15,0.0,0.3830747818489384,0.6356072323560026,0.688398307688234,0.9537273081628592,0.9537273081628592,1.0,1.9406187481354762,3.2006249712610644,0.12126521105717003,0.357747024805782,0.5973958741796819,0.7805327055646488,0.8950382538246919,0.955673925132452,0.9833876919192637,,0.014705251412739992,0.0006414952768371573,0.0014601078936790715,0.00848874727204952,0.003444405099108353,3.7893176263064676e-06,0.00027596877976929744,0.0290197650518097
16,0.0075493849835851345,0.2183500156040848,0.3123223308640195,0.3557552132692873,0.5513161145459794,0.7741356411103765,0.9628473562490217,2.2411398311255284,5.1019639806373975,0.12126521105717003,0.357747024805782,0.5973958741796819,0.7805327055646488,0.8950382538246919,0.955673925132452,0.9833876919192637,,0.01293128909959781,0.01943152617437806,0.08126692509854683,0.18043591796073594,0.11814490903033466,0.03295614856567975,0.0004219053894462133,0.44558862131871924
17,0.0,0.0,0.0,0.2609088065073288,0.46321603625301977,0.9208480663949941,1.0,5.729875420265334,5.265160367610753,0.12126521105717003,0.357747024805782,0.5973958741796819,0.7805327055646488,0.8950382538246919,0.955673925132452,0.9833876919192637,,0.014705251412739992,0.1279829337573888,0.3568818304869063,0.270008996471532,0.18647042758851656,0.001212840436801374,0.00027596877976929744,0.9575382489336542
18,0.0,0.40256757061217585,0.40256757061217585,0.40256757061217585,0.40256757061217585,0.88858644941799,1.0,1.6812300356608991,4.838121626107133,0.12126521105717003,0.357747024805782,0.5973958741796819,0.7805327055646488,0.8950382538246919,0.955673925132452,0.9833876919192637,,0.014705251412739992,0.0020088813263830474,0.03795806787099228,0.1428576432396411,0.24252737382380238,0.004500729397738521,0.00027596877976929744,0.44483391585106663
19,0.1365103252442506,0.1365103252442506,0.1365103252442506,0.3647046492836099,0.6461106967473309,0.7704003466899626,1.0,3.1368924529897,5.0584843014801235,0.12126521105717003,0.357747024805782,0.5973958741796819,0.7805327055646488,0.8950382538246919,0.955673925132452,0.9833876919192637,,0.0002324135065771255,0.04894567723287931,0.2124154892175138,0.17291297239046688,0.061964928672502834,0.03432629886888526,0.00027596877976929744,0.5310737486685946
20,0.0,0.1253128026583909,0.3053338936371876,0.49971257855273704,0.7322851019757373,0.8379868732115292,1.0,2.565522470782305,4.5371070941940115,0.12126521105717003,0.357747024805782,0.5973958741796819,0.7805327055646488,0.8950382538246919,0.955673925132452,0.9833876919192637,,0.014705251412739992,0.054025667625262765,0.0853002004784043,0.07885994373498627,0.026488588436768896,0.013850242189837972,0.00027596877976929744,0.2735058626577695
21,0.0,0.0,0.0889561660977299,0.3224844252722812,0.3224844252722812,0.402390779934803,0.84775548961411,3.174162660474851,6.440080768361595,0.12126521105717003,0.357747024805782,0.5973958741796819,0.7805327055646488,0.8950382538246919,0.955673925132452,0.9833876919192637,,0.014705251412739992,0.1279829337573888,0.2585109367544605,0.20980822707879535,0.32781788659002337,0.3061222387598027,0.018396094302146143,1.263343568655357
22,0.0,0.3360571986872153,0.3360571986872153,0.3360571986872153,0.6281075542297584,0.9021732883287551,1.0,2.1814777298460215,4.706701203240297,0.12126521105717003,0.357747024805782,0.5973958741796819,0.7805327055646488,0.8950382538246919,0.955673925132452,0.9833876919192637,,0.014705251412739992,0.0004704485570536597,0.06829790330815676,0.19755847621395148,0.07125199838624065,0.002862318138401085,0.00027596877976929744,0.35542236479631295
23,0.0,0.0,0.040141563161020216,0.3136532070682652,0.5573936696521898,0.7626705267586447,0.9289906923089771,3.8146828013348135,5.35873822887622,0.12126521105717003,0.357747024805782,0.5973958741796819,0.7805327055646488,0.8950382538246919,0.955673925132452,0.9833876919192637,,0.014705251412739992,0.1279829337573888,0.31053236714888327,0.21797646611623467,0.11400386522102185,0.037250311783838565,0.0029590335666015146,0.8254102290067086
24,0.17487678503826107,0.35642421312288125,0.601011196598695,0.7418202861620339,0.9318714280038084,1.0,1.0,1.749694960310884,3.119346271565026,0.12126521105717003,0.357747024805782,0.5973958741796819,0.7805327055646488,0.8950382538246919,0.955673925132452,0.9833876919192637,,0.0028742008647299976,1.7498307484187694e-06,1.3070556193418577e-05,0.0014986514160039576,0.0013566827201091322,0.001964800913163473,0.00027596877976929744,0.007985125080717696
25,0.0,0.0,0.0,0.14429969186048494,0.2795523865960408,0.6896056242319881,1.0,6.537559795672771,5.837052193484347,0.12126521105717003,0.357747024805782,0.5973958741796819,0.7805327055646488,0.8950382538246919,0.955673925132452,0.9833876919192637,,0.014705251412739992,0.1279829337573888,0.3568818304869063,0.4047924477270827,0.3788228527582048,0.07079234074405977,0.00027596877976929744,1.3542536256661517
26,0.22445201713442642,0.22445201713442642,0.3193902479088785,0.3193902479088785,0.7122029981826997,1.0,1.0,2.7127896238439777,4.582462396765888,0.12126521105717003,0.357747024805782,0.5973958741796819,0.7805327055646488,0.8950382538246919,0.955673925132452,0.9833876919192637,,0.010647516948425315,0.01776755907010675,0.0772871282382216,0.21265236625280393,0.03342873070567264,0.001964800913163473,0.00027596877976929744,0.35402407090816307
27,0.0,0.17339191236029708,0.4115547929480294,0.4115547929480294,0.5591414729947081,0.7394863045624026,1.0,2.031830710250868,4.940650683978854,0.12126521105717003,0.357747024805782,0.5973958741796819,0.7805327055646488,0.8950382538246919,0.955673925132452,0.9833876919192637,,0.014705251412739992,0.0339868074847874,0.034536907473349664,0.13614469999891765,0.11282664737194621,0.046737087287739634,0.00027596877976929744,0.37921336980924986
28,0.14744446190443491,0.3808190187106709,0.5988019277383166,0.7241719341882453,0.7241719341882453,0.7895323198735541,0.9873173926968928,1.279877253524881,3.5427440766727254,0.12126521105717003,0.357747024805782,0.5973958741796819,0.7805327055646488,0.8950382538246919,0.955673925132452,0.9833876919192637,,0.0006853531749240192,0.0005323169027472305,1.9769866097494945e-06,0.0031765365501432237,0.029195299186104338,0.02760303299800344,1.5442548201698817e-05,0.06120995834673369
29,0.0,0.0,0.3124232223401819,0.3124232223401819,0.3124232223401819,0.677515083051882,1.0,3.1980624709858696,5.671853092241882,0.12126521105717003,0.357747024805782,0.5973958741796819,0.7805327055646488,0.8950382538246919,0.955673925132452,0.9833876919192637,,0.014705251412739992,0.1279829337573888,0.08120941229643688,0.21912648828467748,0.3394402749116966,0.07737234142760345,0.00027596877976929744,0.8601126708703125
30,0.35703542088993817,0.43717962090913387,0.43717962090913387,0.6075348276468747,0.8139759870969199,0.9514966825501038,1.0,1.1496048394208982,3.373435440231716,0.12126521105717003,0.357747024805782,0.5973958741796819,0.7805327055646488,0.8950382538246919,0.955673925132452,0.9833876919192637,,0.05558759184458752,0.006309537323718227,0.025669247812052383,0.029928265764053073,0.006571091087044461,1.7449355591783017e-05,0.00027596877976929744,0.12435915196681674
31,0.1446327363979122,0.38793852912050325,0.5576996709618939,0.5576996709618939,0.6087443954267894,0.834292758318614,1.0,1.2703007452819624,3.9950531686470234,0.12126521105717003,0.357747024805782,0.5973958741796819,0.7805327055646488,0.8950382538246919,0.955673925132452,0.9833876919192637,,0.0005460412405502268,0.0009115269327858306,0.001575788549907922,0.04965456131027258,0.08196417335635828,0.01473338765708875,0.00027596877976929744,0.14966144782673288
32,0.0,0.24306424290261194,0.2721579632634664,0.38786644937423703,0.6460064701211355,0.8505501381931627,1.0,2.4969341986736597,4.794194656736493,0.12126521105717003,0.357747024805782,0.5973958741796819,0.7805327055646488,0.8950382538246919,0.955673925132452,0.9833876919192637,,0.014705251412739992,0.013152140465050075,0.1057796986971441,0.1541867887505941,0.062016829294574895,0.011051010580457082,0.00027596877976929744,0.3611676879803296
33,0.07417754248402196,0.4179488064429294,0.6386177924023325,0.770368395141169,0.9653257027377998,1.0,1.0,1.9004878950467563,2.9792145941522596,0.12126521105717003,0.357747024805782,0.5973958741796819,0.7805327055646488,0.8950382538246919,0.955673925132452,0.9833876919192637,,0.0022172485316546363,0.003624254512286778,0.0016992465419548972,0.00010331320638486157,0.004940325474712752,0.001964800913163473,0.00027596877976929744,0.014825157959926696
34,0.14537384683107096,0.211747812560711,0.22595998560870434,0.22595998560870434,0.4415311380031208,0.772270406147086,1.0,3.4432558847501147,5.447946174435555,0.12126521105717003,0.357747024805782,0.5973958741796819,0.7805327055646488,0.8950382538246919,0.955673925132452,0.9833876919192637,,0.0005812263188786158,0.021315769976181294,0.13796461931851164,0.3075509017193344,0.2056687041007999,0.033636850776215504,0.00027596877976929744,0.7069940409896907
35,0.19505887419112664,0.19505887419112664,0.5392342822468896,0.7263498689973507,0.8882450220098188,0.9760334308847749,1.0,2.089853162873385,3.4817878364025305,0.12126521105717003,0.357747024805782,0.5973958741796819,0.7805327055646488,0.8950382538246919,0.955673925132452,0.9833876919192637,,0.005445504718727867,0.026467434350416794,0.003382770776156644,0.0029357797784785433,4.61479984906044e-05,0.00041450947447887034,0.00027596877976929744,0.03896811587651863
36,0.19820717444015942,0.529221811647233,0.6540421795928124,0.8833773204122147,0.9578345517886023,0.9578345517886023,1.0,1.5314405822153216,2.5878546108290705,0.12126521105717003,0.357747024805782,0.5973958741796819,0.7805327055646488,0.8950382538246919,0.955673925132452,0.9833876919192637,,0.005920065729229281,0.02940360252232106,0.0032088039169576622,0.010577014803144174,0.003943375037972217,4.6683075472674644e-06,0.00027596877976929744,0.05333349909694095
37,0.0,0.11961772585997453,0.5125708946281552,0.6785464740213341,0.8341621116317635,1.0,1.0,2.5843802082910874,3.734487353644092,0.12126521105717003,0.357747024805782,0.5973958741796819,0.7805327055646488,0.8950382538246919,0.955673925132452,0.9833876919192637,,0.014705251412739992,0.056705563016421746,0.007195277155916919,0.010401191424406611,0.0037059046882936464,0.001964800913163473,0.00027596877976929744,0.09495395739071168
38,0.09270724841126297,0.4901379444824906,0.8120060364944867,0.8120060364944867,1.0,1.0,1.0,1.9747114626114952,2.526227680281117,0.12126521105717003,0.357747024805782,0.5973958741796819,0.7805327055646488,0.8950382538246919,0.955673925132452,0.9833876919192637,,0.0008155572304850227,0.0175273556128447,0.04605752176878686,0.0009905705598190872,0.011016968160169798,0.001964800913163473,0.00027596877976929744,0.07864874302503824
39,0.0,0.20455204811354205,0.20455204811354205,0.5126086199644083,0.7235588500337925,0.921392578698209,1.0,2.880584455400127,4.507610406471232,0.12126521105717003,0.357747024805782,0.5973958741796819,0.7805327055646488,0.8950382538246919,0.955673925132452,0.9833876919192637,,0.014705251412739992,0.023468700883735948,0.15432627167828353,0.071783315644725,0.029405185924482335,0.001175210713344583,0.00027596877976929744,0.2951399050370807
40,0.10430639154605274,0.35574682970458243,0.822843403311772,1.0,1.0,1.0,1.0,3.1248822996655665,2.5396848580468356,0.12126521105717003,0.357747024805782,0.5973958741796819,0.7805327055646488,0.8950382538246919,0.955673925132452,0.9833876919192637,,0.0002876015592106524,4.000780442862825e-06,0.05082658839176461,0.048165893326773124,0.011016968160169798,0.001964800913163473,0.00027596877976929744,0.11254182191129382
41,0.26966304181851036,0.26966304181851036,0.6374908146355027,0.6924190213168981,0.6924190213168981,0.6924190213168981,0.9216455755488723,1.033032489781631,3.8570595213835372,0.12126521105717003,0.357747024805782,0.5973958741796819,0.7805327055646488,0.8950382538246919,0.955673925132452,0.9833876919192637,,0.02202191617467141,0.007758788058901963,0.0016076042501558193,0.007764021351712306,0.0410545533820474,0.0693031443829365,0.0038120889338949535,0.15332211653432035
42,0.0,0.48241137671919865,0.6369144939275887,0.6420779921688667,0.7026842788673279,0.912643895598342,1.0,1.4308844216996996,3.4684382975974066,0.12126521105717003,0.357747024805782,0.5973958741796819,0.7805327055646488,0.8950382538246919,0.955673925132452,0.9833876919192637,,0.014705251412739992,0.015541200637992183,0.0015617213067796512,0.01916970766150816,0.03700005168189824,0.0018515834417063743,0.00027596877976929744,0.09010548492239388
43,0.4215334153954384,0.4215334153954384,0.4215334153954384,0.4215334153954384,0.4215334153954384,0.81510527723462,1.0,0.7905071472137227,4.700073876440807,0.12126521105717003,0.357747024805782,0.5973958741796819,0.7805327055646488,0.8950382538246919,0.955673925132452,0.9833876919192637,,0.09016099453652811,0.004068703624456207,0.030927604409639726,0.12888049034199692,0.22420683201591346,0.01975954477182466,0.00027596877976929744,0.4982801384801284
44,0.0,0.10621390669194468,0.2157265033111524,0.41861846265232566,0.7389982871388151,0.8749306323986981,0.9685824633461767,3.1431098291054003,4.692796331106524,0.12126521105717003,0.357747024805782,0.5973958741796819,0.7805327055646488,0.8950382538246919,0.955673925132452,0.9833876919192637,,0.014705251412739992,0.06326890950806964,0.1456715086591791,0.13098191922280006,0.02434847120332955,0.006519479321488678,0.00021919479310135084,0.38571473412070834
45,0.16937191459948694,0.16937191459948694,0.647372717027875,0.7543664519884021,0.7543664519884021,1.0,1.0,1.8961611086828063,3.4397363701891193,0.12126521105717003,0.357747024805782,0.5973958741796819,0.7805327055646488,0.8950382538246919,0.955673925132452,0.9833876919192637,,0.0023142549257083667,0.035485182145233815,0.0024976848210729948,0.0006846728262164427,0.019788555831868386,0.001964800913163473,0.00027596877976929744,0.06301112024303276
46,0.15743643637675964,0.18014095257811336,0.34583878868951307,0.5410839804075509,0.678250531914108,0.7327021010120106,0.9032406368933036,1.688113747465511,4.7271476803151415,0.12126521105717003,0.357747024805782,0.5973958741796819,0.7805327055646488,0.8950382538246919,0.955673925132452,0.9833876919192637,,0.0013083575411205201,0.03154391689213986,0.0632809672603081,0.05733569197935942,0.04699691637118067,0.04971643435159704,0.006423550429334275,0.2566058348250399
47,0.19795763029881772,0.2931757290854824,0.4761795029038279,0.6366784909011373,0.6915494915205647,0.7679222872452081,1.0,1.3822105043006114,4.043025573282571,0.12126521105717003,0.357747024805782,0.5973958741796819,0.7805327055646488,0.8950382538246919,0.955673925132452,0.9833876919192637,,0.005881727169136652,0.004169452230998385,0.014693408665285682,0.020694035076455664,0.04140767638406561,0.035250677529342765,0.00027596877976929744,0.12237294583505406
48,0.02026342916450908,0.02026342916450908,0.20858293896553232,0.2477430513962904,0.3983201675815751,0.5348728606269681,0.8252156307275396,2.782970023185952,6.196028816522962,0.12126521105717003,0.357747024805782,0.5973958741796819,0.7805327055646488,0.8950382538246919,0.955673925132452,0.9833876919192637,,0.010201359945492655,0.11389517732696222,0.15117549858984247,0.28386481558883897,0.24672885720102442,0.17707353588894836,0.025018400941638517,1.0079576454827477
49,0.4001936812963119,0.747314345697315,0.8654584736910754,0.8654584736910754,0.8654584736910754,0.9824427171384578,1.0,0.9968361121922323,1.7091536470783864,0.12126521105717003,0.357747024805782,0.5973958741796819,0.7805327055646488,0.8950382538246919,0.955673925132452,0.9833876919192637,,0.07780109150994785,0.15176269750660665,0.07185755725680577,0.007212386091863577,0.0008749633927530938,0.0007165682254607997,0.00027596877976929744,0.31050123276320707
50,0.0,0.03677721600459718,0.09441767928686201,0.16842547590145732,0.3782087827488958,0.5636028578854608,0.9351766014689968,4.377476453517088,5.982085040102916,0.12126521105717003,0.357747024805782,0.5973958741796819,0.7805327055646488,0.8950382538246919,0.955673925132452,0.9833876919192637,,0.014705251412739992,0.10302161816186917,0.2529870645376394,0.3746752606059471,0.26711270217248717,0.15371972177219465,0.0023243092424038102,1.1685459279052814
51,0.0,0.5350995769992531,0.8494924475280251,1.0,1.0,1.0,1.0,3.0002248324052374,2.2898442204642047,0.12126521105717003,0.357747024805782,0.5973958741796819,0.7805327055646488,0.8950382538246919,0.955673925132452,0.9833876919192637,,0.014705251412739992,0.0314539277695379,0.0635526822939766,0.048165893326773124,0.011016968160169798,0.001964800913163473,0.00027596877976929744,0.1711354926561302
52,0.21641860241730657,0.5604352279623627,0.6262184505579432,0.7841114597996585,0.7858779601000764,0.8906428001551205,0.9707065963419055,1.115702885238505,2.87021197468469,0.12126521105717003,0.357747024805782,0.5973958741796819,0.7805327055646488,0.8950382538246919,0.955673925132452,0.9833876919192637,,0.009054167887335306,0.04108250769884331,0.0008307409090807094,1.2807481874599435e-05,0.011915969726044341,0.0042290472158173,0.00016081018504209352,0.06728605110403764
53,0.0,0.1670931985767095,0.467485263076826,0.7276133613943491,0.7566882176011431,0.8872132084668292,1.0,2.178823883663892,3.87673736861475,0.12126521105717003,0.357747024805782,0.5973958741796819,0.7805327055646488,0.8950382538246919,0.955673925132452,0.9833876919192637,,0.014705251412739992,0.036348881455785374,0.016876766877117467,0.0028004569874146385,0.019140732523057265,0.004686869726370685,0.00027596877976929744,0.0948349277622547
54,0.16666319622153739,0.2179095232950076,0.46399555503699635,0.7622387407637036,1.0,1.0,1.0,2.6297324001993108,3.432379908944128,0.12126521105717003,0.357747024805782,0.5973958741796819,0.7805327055646488,0.8950382538246919,0.955673925132452,0.9833876919192637,,0.0020609770569841182,0.01955452682877584,0.017795645147370347,0.0003346691481382238,0.011016968160169798,0.001964800913163473,0.00027596877976929744,0.053003556034371097
55,0.23452839342131881,0.5241225444851,0.7054296467722048,0.7054296467722048,0.7054296467722048,0.8027068469488028,1.0,0.979159650887164,3.044061715656259,0.12126521105717003,0.357747024805782,0.5973958741796819,0.7805327055646488,0.8950382538246919,0.955673925132452,0.9833876919192637,,0.012828548479254425,0.027680813548563117,0.01167129602057295,0.005640469439981309,0.035951423868384486,0.023398927008042643,0.00027596877976929744,0.11744744714456823
56,0.20186265571475068,0.481675621812627,0.6723331616174693,0.6826922919904015,0.947444880005755,1.0,1.0,1.4273489310669152,2.846569009870779,0.12126521105717003,0.357747024805782,0.5973958741796819,0.7805327055646488,0.8950382538246919,0.955673925132452,0.9833876919192637,,0.006495948085331775,0.01535829715608499,0.005615597048533566,0.009572746528379762,0.0027464544676816848,0.001964800913163473,0.00027596877976929744,0.04202981297894455
57,0.0,0.04979660414451827,0.09351736701943295,0.2404448778788434,0.46951188354169443,0.7826985012134885,0.9778327247138706,4.339879489905064,5.451738403351547,0.12126521105717003,0.357747024805782,0.5973958741796819,0.7805327055646488,0.8950382538246919,0.955673925132452,0.9833876919192637,,0.014705251412739992,0.09483346158544931,0.25389354997804103,0.29169486161437225,0.1810726918062227,0.029920497279945123,3.0857660652992354e-05,0.8661511713374234
58,0.25394203943077076,0.25394203943077076,0.25394203943077076,0.4891144630236031,0.4891144630236031,0.7460255212149438,0.9463426597084372,1.6073705142434265,5.117190188899735,0.12126521105717003,0.357747024805782,0.5973958741796819,0.7805327055646488,0.8950382538246919,0.955673925132452,0.9833876919192637,,0.017603140787277902,0.010775474988706301,0.11796053660373235,0.08492459208571174,0.1647741239383261,0.043952453265158654,0.0013723344115011689,0.44136265608041425
59,0.4071280089499186,0.5161897761506756,0.5161897761506756,0.7138003923410629,0.7138003923410629,0.7138003923410629,0.9626123980367831,0.705525034026347,3.2311033394685422,0.12126521105717003,0.357747024805782,0.5973958741796819,0.7805327055646488,0.8950382538246919,0.955673925132452,0.9833876919192637,,0.0817175392190704,0.025104105453739783,0.006594430357096572,0.004453201628170787,0.03284716243515912,0.05850280586498719,0.0004316128359034342,0.2096508577941273
60,0.0,0.0,0.34670964444499375,0.9590161060251138,1.0,1.0,1.0,7.221915658681486,3.383697961710921,0.12126521105717003,0.357747024805782,0.5973958741796819,0.7805327055646488,0.8950382538246919,0.955673925132452,0.9833876919192637,,0.014705251412739992,0.1279829337573888,0.06284358577859284,0.031856324239930706,0.011016968160169798,0.001964800913163473,0.00027596877976929744,0.2506458330417549
61,0.14364672714477633,0.28941371904441804,0.49278201174084685,0.5665597571722782,0.7703526591410612,0.9792400224076836,1.0,1.7794293410912243,3.8288789092192457,0.12126521105717003,0.357747024805782,0.5973958741796819,0.7805327055646488,0.8950382538246919,0.955673925132452,0.9833876919192637,,0.0005009322623797796,0.00466944067627606,0.010944060214371498,0.04578442264372408,0.015546497521610641,0.0005553609407856794,0.00027596877976929744,0.07827668303891702
62,0.20952975352061726,0.29092299657152143,0.37580369306053496,0.5563204423483509,0.6505293578714862,0.697208325489115,0.9516864584883109,1.3383034623694978,4.59828950933769,0.12126521105717003,0.357747024805782,0.5973958741796819,0.7805327055646488,0.8950382538246919,0.955673925132452,0.9833876919192637,,0.0077906294562816785,0.0044654507494532565,0.04910309473314081,0.050271138976574474,0.05978460020025556,0.06680446619898973,0.0010049682010437576,0.2392243485157393
63,0.16919871308005094,0.3100009885998523,0.43011532360669696,0.43011532360669696,0.7352111384991987,0.8297413932086989,0.9634407173991318,1.5547523556506937,4.349840508255705,0.12126521105717003,0.357747024805782,0.5973958741796819,0.7805327055646488,0.8950382538246919,0.955673925132452,0.9833876919192637,,0.002297620616177528,0.0022796839733779505,0.027982782600000963,0.12279234157826513,0.025544706793268507,0.015859002596727092,0.00039788179250678854,0.19715401995032397
64,0.0,0.0,0.2793422517574483,0.3832264988630018,0.5277486387221825,0.7376108888169504,1.0,2.865229732216682,5.205465643414747,0.12126521105717003,0.357747024805782,0.5973958741796819,0.7805327055646488,0.8950382538246919,0.955673925132452,0.9833876919192637,,0.014705251412739992,0.1279829337573888,0.10115810673590471,0.15785222188365186,0.13490166136214954,0.04755148780713578,0.00027596877976929744,0.58442763173874
65,0.0,0.12002665623838295,0.4476010482081292,0.6793127937123171,0.8836404834262719,0.8836404834262719,1.0,2.6216773239470563,3.82520389239793,0.12126521105717003,0.357747024805782,0.5973958741796819,0.7805327055646488,0.8950382538246919,0.955673925132452,0.9833876919192637,,0.014705251412739992,0.05651097363182006,0.022438489887847756,0.0102454705553938,0.0001299091700551003,0.0051888167240376456,0.00027596877976929744,0.10949488016166366
66,0.23163953397508685,0.6687136585869553,0.6687136585869553,0.9955424211777579,0.9955424211777579,0.9955424211777579,1.0,1.5340551989017446,2.1853978795767115,0.12126521105717003,0.357747024805782,0.5973958741796819,0.7805327055646488,0.8950382538246919,0.955673925132452,0.9833876919192637,,0.012182491159588579,0.09670024732519435,0.005086226372762333,0.046229177808030056,0.010101087655333097,0.0015894969769145767,0.00027596877976929744,0.17216469607759227
67,0.29380017660279656,0.53305604084879,0.7759075813528444,0.9579311214111322,0.9776602565224312,1.0,1.0,1.5275768217976335,2.2278096148151,0.12126521105717003,0.357747024805782,0.5973958741796819,0.7805327055646488,0.8950382538246919,0.955673925132452,0.9833876919192637,,0.029768314335830534,0.030733251105967627,0.03186642959787694,0.031470197944841856,0.0068263953297852285,0.001964800913163473,0.00027596877976929744,0.13290535800723496
68,0.23607149429579083,0.4591269632553042,0.4591269632553042,0.589906761991163,0.6800125710771259,0.9387694964898008,1.0,1.226886798422005,3.672529758888799,0.12126521105717003,0.357747024805782,0.5973958741796819,0.7805327055646488,0.8950382538246919,0.955673925132452,0.9833876919192637,,0.013180482671066423,0.01027789192002891,0.01911829172821348,0.0363382503632818,0.04623604424105693,0.00028575970773448567,0.00027596877976929744,0.12571268941115132
69,0.0,0.01181285596667071,0.15769532446180975,0.5399774992554204,0.5399774992554204,0.8476520927826293,1.0,3.0840518616737294,4.920552427559158,0.12126521105717003,0.357747024805782,0.5973958741796819,0.7805327055646488,0.8950382538246919,0.955673925132452,0.9833876919192637,,0.014705251412739992,0.11967044917040678,0.1933365734221989,0.05786680728247546,0.12606813943530049,0.011668716264213192,0.00027596877976929744,0.523591905767104
70,0.2524163126018373,0.32531075327072273,0.32531075327072273,0.32531075327072273,0.6366161038078655,0.9110925767461364,1.0,1.8337015140630866,4.642502934462503,0.12126521105717003,0.357747024805782,0.5973958741796819,0.7805327055646488,0.8950382538246919,0.955673925132452,0.9833876919192637,,0.01720061143637962,0.0010521117110960977,0.07403031302004291,0.2072270258502935,0.06678200761931916,0.0019874966239420404,0.00027596877976929744,0.3685555350408427
71,0.11379076091297963,0.24684457860349165,0.24684457860349165,0.41995476180722413,0.6374037230744877,0.8894761671965054,1.0,2.4665516024686447,4.726516484990575,0.12126521105717003,0.357747024805782,0.5973958741796819,0.7805327055646488,0.8950382538246919,0.955673925132452,0.9833876919192637,,5.586740495798794e-05,0.012299352573651908,0.1228862108301455,0.13001645352433253,0.06637555143487794,0.004382143155746184,0.00027596877976929744,0.3362915477034814
72,0.0,0.1384760882199484,0.1384760882199484,0.29669607711898227,0.33018302132485544,0.784030308550942,1.0,4.178056519870394,5.5635961834146945,0.12126521105717003,0.357747024805782,0.5973958741796819,0.7805327055646488,0.8950382538246919,0.955673925132452,0.9833876919192637,,0.014705251412739992,0.048079743631228675,0.21060736994532758,0.23409788302566997,0.31906143368244433,0.029461531113180398,0.00027596877976929744,0.8562891815903603
73,0.1486867690240391,0.9283984716447802,1.0,1.0,1.0,1.0,1.0,4.033766147543264,1.5727392612260365,0.12126521105717003,0.357747024805782,0.5973958741796819,0.7805327055646488,0.8950382538246919,0.955673925132452,0.9833876919192637,,0.0007519418413303605,0.32564307377944196,0.16209008212754256,0.048165893326773124,0.011016968160169798,0.001964800913163473,0.00027596877976929744,0.5499087289281906
74,0.1620188655826806,0.3585211244872296,0.5298985784090767,0.7209533500033372,0.9483982521631061,1.0,1.0,1.8307703578850287,3.251010096322949,0.12126521105717003,0.357747024805782,0.5973958741796819,0.7805327055646488,0.8950382538246919,0.955673925132452,0.9833876919192637,,0.001660860357184669,5.992303168172651e-07,0.004555884936344552,0.003549699609101199,0.0028472894226755667,0.001964800913163473,0.00027596877976929744,0.014855103248555573
75,0.10131801297998262,0.3400708439902052,0.577185351018223,0.6772856247962831,0.8126554284556606,0.8579474287482877,0.9781011266528128,1.545056890322227,3.554786383291839,0.12126521105717003,0.357747024805782,0.5973958741796819,0.7805327055646488,0.8950382538246919,0.955673925132452,0.9833876919192637,,0.00039789071113054906,0.0003124473682249658,0.0004084652464598659,0.010659959687189441,0.006786929915784307,0.00955046809552408,2.7947772316444886e-05,0.028144108796629656
76,0.13203436832541499,0.5018018738767266,0.6643928651197285,0.7923639602990521,0.7923639602990521,0.942462701158092,0.9944213939431563,1.3857590539362812,2.9339841583792543,0.12126521105717003,0.357747024805782,0.5973958741796819,0.7805327055646488,0.8950382538246919,0.955673925132452,0.9833876919192637,,0.00011597474826819315,0.020751799540852617,0.00448859679502069,0.00013997858859033987,0.010542010550989247,0.00017453643890070233,0.00012174258035205263,0.03633463924297384
77,0.021782984722593747,0.4878644408378016,0.78199738188886,0.9699232320411362,0.9699232320411362,0.9945472506809905,1.0,2.6089364074048316,2.4654944582706153,0.12126521105717003,0.357747024805782,0.5973958741796819,0.7805327055646488,0.8950382538246919,0.955673925132452,0.9833876919192637,,0.009896713356483865,0.01693054195484967,0.03407771664850176,0.035868771519041054,0.005607759962477329,0.0015111354392026565,0.00027596877976929744,0.10416860766032562
78,0.22985760502385513,0.2832063809187005,0.5033174602017328,0.690905500023838,0.8712753604338322,1.0,1.0,1.782722205515156,3.4609356325425997,0.12126521105717003,0.357747024805782,0.5973958741796819,0.7805327055646488,0.8950382538246919,0.955673925132452,0.9833876919192637,,0.011792308027415746,0.0055563075911007065,0.008850747976606356,0.00803303597305475,0.0005646751023053629,0.001964800913163473,0.00027596877976929744,0.037037844363415694
79,0.0639892210082491,0.34699926160999656,0.4092910098786469,0.4092910098786469,0.4794217779594173,0.6937817459215948,0.9266691246355606,1.395670688636341,5.221954314669789,0.12126521105717003,0.357747024805782,0.5973958741796819,0.7805327055646488,0.8950382538246919,0.955673925132452,0.9833876919192637,,0.00328053903608409,0.00011551441371268059,0.035383439973710774,0.13782039661581805,0.1727370550106704,0.06858751353181172,0.003216995874715951,0.4211414544565237
80,0.20388858792280873,0.20388858792280873,0.20388858792280873,0.44470604026750876,1.0,1.0,1.0,5.052034381709486,4.2206971128853565,0.12126521105717003,0.357747024805782,0.5973958741796819,0.7805327055646488,0.8950382538246919,0.955673925132452,0.9833876919192637,,0.00682662240468136,0.023672418600071878,0.1548479843372487,0.11277954912459734,0.011016968160169798,0.001964800913163473,0.00027596877976929744,0.3113843123197019
81,0.12397369590070263,0.2194075317169151,0.3431804162545454,0.40358771764806817,0.6510929125675896,0.8363158957289568,0.9665975470183757,2.0500675111361875,4.72840389655259,0.12126521105717003,0.357747024805782,0.5973958741796819,0.7805327055646488,0.8950382538246919,0.955673925132452,0.9833876919192637,,7.335890147645823e-06,0.019137815348084657,0.06462549904808684,0.14208752391543114,0.05950932952104411,0.014246339183085615,0.00028190896579281284,0.29989575187167283
82,0.0,0.4442404463088376,0.4442404463088376,0.7020928754008543,0.7884804363548453,0.7884804363548453,1.0,1.5546736067991662,3.746393383935826,0.12126521105717003,0.357747024805782,0.5973958741796819,0.7805327055646488,0.8950382538246919,0.955673925132452,0.9833876919192637,,0.014705251412739992,0.007481111963305234,0.023456585086301388,0.006152806956124929,0.011354568463937146,0.02795366268962768,0.00027596877976929744,0.09137995535180565
83,0.0,0.0,0.23768677006268912,0.23768677006268912,0.7280101388981287,0.9425812880490523,1.0,4.659236250706911,4.832201932230187,0.12126521105717003,0.357747024805782,0.5973958741796819,0.7805327055646488,0.8950382538246919,0.955673925132452,0.9833876919192637,,0.014705251412739992,0.1279829337573888,0.12939063958464952,0.2946817096909978,0.02789839117592121,0.00017141714579761285,0.00027596877976929744,0.5951063115472641
84,0.20907369022040098,0.5135865702720382,0.532811650204131,0.5382635660784335,0.8037094252796173,1.0,1.0,1.2646418333651366,3.3447197244659472,0.12126521105717003,0.357747024805782,0.5973958741796819,0.7805327055646488,0.8950382538246919,0.955673925132452,0.9833876919192637,,0.007710329012959564,0.02428596393112934,0.004171121986524118,0.05869433594739125,0.008340954923415638,0.001964800913163473,0.00027596877976929744,0.10544347549435268
85,0.0,0.0650530975362707,0.0650530975362707,0.32452268762911285,0.4315115282400351,0.6299198099234438,1.0,3.708139622232002,5.652607463929216,0.12126521105717003,0.357747024805782,0.5973958741796819,0.7805327055646488,0.8950382538246919,0.955673925132452,0.9833876919192637,,0.014705251412739992,0.08566973506044999,0.2833888318444168,0.20794513645756785,0.21485702533123377,0.1061157435756038,0.00027596877976929744,0.9129576924617815
86,0.0,0.3363762011644679,0.5887532401522466,0.6449162912358783,0.7720518298947947,0.8986653439703305,1.0,1.7123113704781643,3.645858052388932,0.12126521105717003,0.357747024805782,0.5973958741796819,0.7805327055646488,0.8950382538246919,0.955673925132452,0.9833876919192637,,0.014705251412739992,0.0004567121031081495,7.46951229321818e-05,0.018391811835392742,0.015125660471064397,0.0032499783261181925,0.00027596877976929744,0.05228007805112496
87,0.3011995469174073,0.3011995469174073,0.47720545793185676,0.691767947099241,0.691767947099241,0.9747018103661332,1.0,1.4066648670107393,3.6213434047866944,0.12126521105717003,0.357747024805782,0.5973958741796819,0.7805327055646488,0.8950382538246919,0.955673925132452,0.9833876919192637,,0.03237636522146467,0.003197617255536228,0.014445736157825463,0.00787918234542218,0.04131881759625888,0.00036206041646614546,0.00027596877976929744,0.09985574777274288
88,0.0,0.18691967187332945,0.39068254318683,0.46968485739547206,0.5827804154850879,0.7818606721512261,1.0,2.0441529958560984,4.765202578344893,0.12126521105717003,0.357747024805782,0.5973958741796819,0.7805327055646488,0.8950382538246919,0.955673925132452,0.9833876919192637,,0.014705251412739992,0.029181984509908714,0.04273040121016034,0.09662638471140757,0.09750495760452231,0.030211046911915618,0.00027596877976929744,0.3112359951404239
89,0.048476919959082376,0.4755882075025264,0.6034083609847009,0.6034083609847009,1.0,1.0,1.0,1.7320908613677806,3.156441116406954,0.12126521105717003,0.357747024805782,0.5973958741796819,0.7805327055646488,0.8950382538246919,0.955673925132452,0.9833876919192637,,0.0052981353209799464,0.013886544339367486,3.6149997580527335e-05,0.03137303344287614,0.011016968160169798,0.001964800913163473,0.00027596877976929744,0.06385160095390667
90,0.13473115008996026,0.40062103849699376,0.537005246584214,0.6961983745394381,0.8216193771717845,0.8216193771717845,1.0,1.4201170406727295,3.494241772846646,0.12126521105717003,0.357747024805782,0.5973958741796819,0.7805327055646488,0.8950382538246919,0.955673925132452,0.9833876919192637,,0.00018133151403482335,0.001838181049994212,0.0036470279013744856,0.0071122793894698175,0.005390331448974842,0.017970621828938906,0.00027596877976929744,0.036415741912556386
91,0.2804139360148376,0.2804139360148376,0.37383826723016905,0.5227214388517747,0.6598696415529698,0.803298644081989,0.9837262238415533,1.4185896791975718,4.391737414943979,0.12126521105717003,0.357747024805782,0.5973958741796819,0.7805327055646488,0.8950382538246919,0.955673925132452,0.9833876919192637,,0.02532831665565132,0.005980406621948093,0.04997800362499286,0.06646664924409672,0.05530427619780758,0.02321822627520757,1.1460386240909775e-07,0.22627599322356653
92,0.2721555467784545,0.3380330524221664,0.3380330524221664,0.6862667744529857,0.9541780904800564,1.0,1.0,1.9164140249482478,3.5600095829735054,0.12126521105717003,0.357747024805782,0.5973958741796819,0.7805327055646488,0.8950382538246919,0.955673925132452,0.9833876919192637,,0.022767893414081933,0.00038864070714195886,0.06726907331002073,0.008886065768348822,0.0034975202796231927,0.001964800913163473,0.00027596877976929744,0.1050499631721494
93,0.0,0.20077462420057995,0.32810198343186064,0.5007834002697636,0.6961005189621666,0.8193714104356375,0.9566792026454783,2.1603956677177942,4.590106449673135,0.12126521105717003,0.357747024805782,0.5973958741796819,0.7805327055646488,0.8950382538246919,0.955673925132452,0.9833876919192637,,0.014705251412739992,0.024640334551760044,0.07251919959409947,0.07825967381297087,0.03957622235223242,0.018578375512675313,0.000713343399287906,0.24899240063576605
94,0.09004743672542072,0.13543856414396474,0.2979496202180904,0.2979496202180904,0.2979496202180904,1.0,1.0,4.060370892646586,5.284505725801792,0.12126521105717003,0.357747024805782,0.5973958741796819,0.7805327055646488,0.8950382538246919,0.955673925132452,0.9833876919192637,,0.0009745494342280263,0.04942105168182676,0.08966805901162993,0.2328864342626037,0.3565148363821984,0.001964800913163473,0.00027596877976929744,0.7317057004654195
95,0.0,0.06891616662620369,0.06891616662620369,0.23223664748624182,0.35617879130718133,0.6681851778805566,0.9317894220131993,4.275398971915198,5.82077840059429,0.12126521105717003,0.357747024805782,0.5973958741796819,0.7805327055646488,0.8950382538246919,0.955673925132452,0.9833876919192637,,0.014705251412739992,0.08342326463675169,0.2792908012958098,0.30062856730431986,0.2903695203446604,0.08264977979646415,0.0026623814572990733,1.053729566248045
96,0.15393867084679155,0.2591149410115234,0.41294752829069087,0.47689504728777016,0.6102265084720371,0.6437078025614551,0.9235570114510584,1.3628782218418016,4.982178880977554,0.12126521105717003,0.357747024805782,0.5973958741796819,0.7805327055646488,0.8950382538246919,0.955673925132452,0.9833876919192637,,0.0010675549746240146,0.009728287953597658,0.03402119230118487,0.09219582752386654,0.08111773029082552,0.09732286163198224,0.0035797103252884804,0.3190331650013693
97,0.20986157170261022,0.2471791100714537,0.5795811838130702,0.8130951378629843,0.8130951378629843,1.0,1.0,1.832749923837978,3.289101277329206,0.12126521105717003,0.357747024805782,0.5973958741796819,0.7805327055646488,0.8950382538246919,0.955673925132452,0.9833876919192637,,0.007849315119616902,0.012225263768697696,0.000317363192858246,0.0010603119971836791,0.00671467425351387,0.001964800913163473,0.00027596877976929744,0.030407698024803163
98,0.0,0.0,0.338656212217276,0.45117575102333285,0.45117575102333285,0.7112535103996311,0.949080211606203,2.390248197440051,5.309443205564338,0.12126521105717003,0.357747024805782,0.5973958741796819,0.7805327055646488,0.8950382538246919,0.955673925132452,0.9833876919192637,,0.014705251412739992,0.1279829337573888,0.06694621267242007,0.10847600350473048,0.1970139213930865,0.05974133913816414,0.001177003205431043,0.5760426650839611
99,0.22953967036725786,0.25839382688749685,0.383177074846532,0.383177074846532,0.39534389561414396,0.7764387277265473,0.9741536892289282,1.538462876441472,5.212540685965165,0.12126521105717003,0.357747024805782,0.5973958741796819,0.7805327055646488,0.8950382538246919,0.955673925132452,0.9833876919192637,,0.011723358538891867,0.009871057936589945,0.045889693987736326,0.1578914972633924,0.24969445162745144,0.032125255989133614,8.526680568512278e-05,0.5072805821488807
